﻿Designator,Footprint,Quantity,Value,LCSC Part #
C1,0805,1,10uF,
C2,0805,1,100nF,
C3,C_Elec_10x10.2,1,1000uF,
D1,0805,1,RXD,C131244
D2,0805,1,TXD,C131244
F1,0805,1,Fuse,
J1,USB_C_Receptacle_GCT_USB4105-xx-A_16P_TopMnt_Horizontal,1,USB_C_Receptacle_USB2.0_14P,
LED1,SK6812SIDE,1,SK6812SIDE,
"R1, R2",0805,2,330,C17630
"R3, R4, R7",0805,3,470R,
"R5, R6",0805,2,5.1k,
SW1,Pushbutton 3x4x2mm,1,Reset,
SW2,Pushbutton 3x4x2mm,1,Boot,
U1,WT32-ETH01,1,WT32-ETH01,
U2,SOIC-16_3.9x9.9mm_P1.27mm,1,CH340C,
